Name,Tournaments
StarCraft II,5962
Counter-Strike: Global Offensive,5315
League of Legends,2479
Dota2,1454
WarCraft III,1335
Rocket League,1090
Counter-Strike,995
Hearthstone,901
Overwatch,743
Fortnite,672
StarCraft: Brood War,586
Heroes of the Storm,475
CrossFire,308
PUBG,300
Apex Legends,249
Rainbow Six Siege,228
World of WarCraft,118
SMITE,95
Call of Duty: Infinite Warfare,80
Call of Duty: Black Ops III,78
